{
  "name": "forge-vtt-shared-compendiums-chysons-compendium",
  "title": "Chyson's Compendium (Shared Compendiums)",
  "description": "<p>All of the classes, subclasses, races, and feats from PHB, XGE, TCE, Critical Role’s EGW, and MCDM’s Illrigger.</p>\n <br/><div style=\"border: 1px solid #eee;border-left-width: .25rem;border-left-color: #f0ad4e;border-radius: .25rem;padding: 10px;\">\n        <h5 style=\"margin:0px;\">Shared Compendium</h5>\n        <p style=\"margin-bottom:0px;\">This module allows you to share compendiums between your worlds.</p>\n        <p style=\"margin-bottom:0px;\">It cannot be auto-updated, therefore it cannot overwrite your compendiums and is therefore <strong>safe to unlock</strong>.</p></div>",
  "version": "1.0",
  "minimumCoreVersion": "0.5.0",
  "author": "The Forge",
  "packs": [
    {
      "name": "item-1-classes",
      "label": "Classes (Shared)",
      "path": "packs/item-1-classes.db",
      "entity": "Item",
      "package": "forge-vtt-shared-compendiums-chysons-compendium"
    },
    {
      "name": "item-2-races",
      "label": "Races (Shared)",
      "path": "packs/item-2-races.db",
      "entity": "Item",
      "package": "forge-vtt-shared-compendiums-chysons-compendium"
    },
    {
      "name": "item-3-spells",
      "label": "Spells (Shared)",
      "path": "packs/item-3-spells.db",
      "entity": "Item",
      "package": "forge-vtt-shared-compendiums-chysons-compendium"
    },
    {
      "name": "item-4-class-features",
      "label": "Class Features (Shared)",
      "path": "packs/item-4-class-features.db",
      "entity": "Item",
      "package": "forge-vtt-shared-compendiums-chysons-compendium"
    },
    {
      "name": "item-5-subraces",
      "label": "Subraces (Shared)",
      "path": "packs/item-5-subraces.db",
      "entity": "Item",
      "package": "forge-vtt-shared-compendiums-chysons-compendium"
    },
    {
      "name": "item-6-racial-features",
      "label": "Racial Features (Shared)",
      "path": "packs/item-6-racial-features.db",
      "entity": "Item",
      "package": "forge-vtt-shared-compendiums-chysons-compendium"
    }
  ]
}